plats,station_id,tidsserie_id,ämne,procedure,värden_senaste_veckan
Dalaplan,271,5939,PM10,SPP-SE0058A_00005_100_103,170
Dalaplan,271,4297,PM10,SPP-SE0058A_00005_100_102,0
Dalaplan,271,119,PM10,SPP-SE0058A_00005_100_100,0
Dalaplan,271,120,PM10,SPP-SE0058A_00005_100_101,0
Dalaplan,272,126,PM2.5,SPP-SE0058A_06001_100_100,0
Dalaplan,272,6247,PM2.5,SPP-SE0058A_06001_100_101,170
Dalaplan,273,125,C6H6,SPP-SE0058A_00020_100_100,167
Dalaplan,274,1546,CO,SPP-SE0058A_00010_100_101,170
Dalaplan,274,124,CO,SPP-SE0058A_00010_100_100,0
Dalaplan,275,123,NOX as NO2,SPP-SE0058A_00009_100_100,0
Dalaplan,276,122,NO2,SPP-SE0058A_00008_100_100,170
Dalaplan,278,121,O3,SPP-SE0058A_00007_100_100,170
Dalaplan,412,490,Black Carbon,SPP-SE0058A_00391_100_100,170
Dalaplan,4131,4525,C6H5-CH3,SPP-SE0058A_00021_100_100,0
Dalaplan,5750,6451,UFPs,SPP-SE0058A_06003_100_100,157
Rådhuset,117,4471,PM2.5,SPP-SE0001A_06001_100_102,0
Rådhuset,117,71,PM2.5,SPP-SE0001A_06001_100_100,0
Rådhuset,117,72,PM2.5,SPP-SE0001A_06001_100_101,0
Rådhuset,117,6161,PM2.5,SPP-SE0001A_06001_100_103,170
Rådhuset,118,66,PM10,SPP-SE0001A_00005_100_101,0
Rådhuset,118,4470,PM10,SPP-SE0001A_00005_100_102,0
Rådhuset,118,6160,PM10,SPP-SE0001A_00005_100_103,170
Rådhuset,118,65,PM10,SPP-SE0001A_00005_100_100,0
Rådhuset,120,67,O3,SPP-SE0001A_00007_100_100,166
Rådhuset,121,68,NO2,SPP-SE0001A_00008_100_100,167
Rådhuset,122,69,NOX as NO2,SPP-SE0001A_00009_100_100,0
Rådhuset,123,70,CO,SPP-SE0001A_00010_100_100,0
Rådhuset,125,4469,SO2,SPP-SE0001A_00001_100_101,167
Rådhuset,125,64,SO2,SPP-SE0001A_00001_100_100,0
Rådhuset,4256,4663,Black Carbon,SPP-SE0001A_00391_100_100,170
Rådhuset,5513,5940,Black Carbon,SPP-SE0001A_00391_101_100,0
Rådhuset,5528,6216,UFPs,SPP-SE0001A_06003_100_100,0
