referenceTime,hamtad_utc,timmar_fram,time,intervalParametersStartTime,air_temperature,wind_from_direction,wind_speed,wind_speed_of_gust,relative_humidity,air_pressure_at_mean_sea_level,visibility_in_air,thunderstorm_probability,probability_of_frozen_precipitation,cloud_area_fraction,low_type_cloud_area_fraction,medium_type_cloud_area_fraction,high_type_cloud_area_fraction,cloud_base_altitude,cloud_top_altitude,precipitation_amount_mean_deterministic,precipitation_amount_mean,precipitation_amount_min,precipitation_amount_max,precipitation_amount_median,probability_of_precipitation,precipitation_frozen_part,predominant_precipitation_type_at_surface,symbol_code
2026-10-05T23:30:00Z,2026-10-06T00:01:23Z,0.5,2026-10-06 00:00:00+00:00,2026-10-05T23:00:00Z,15.3,249,6.3,11.4,88,1014.6,11.0,3,0.0,8,8,0,0,927,1129,0.0,0.0,0.0,0.0,0.0,0,-9,0,6
2026-10-05T23:30:00Z,2026-10-06T00:01:23Z,1.5,2026-10-06 01:00:00+00:00,2026-10-06T00:00:00Z,15.3,253,5.9,10.6,88,1014.6,11.1,2,0.0,8,8,0,0,482,1365,0.0,0.0,0.2,0.2,0.0,3,0,1,6
2026-10-05T23:30:00Z,2026-10-06T00:01:23Z,2.5,2026-10-06 02:00:00+00:00,2026-10-06T01:00:00Z,15.2,254,5.3,10.0,90,1014.6,9.5,4,0.0,8,8,0,0,542,1365,0.0,0.0,0.1,0.1,0.0,7,0,1,6
2026-10-05T23:30:00Z,2026-10-06T00:01:23Z,3.5,2026-10-06 03:00:00+00:00,2026-10-06T02:00:00Z,15.3,258,5.1,8.9,91,1014.7,8.6,5,0.0,8,8,0,0,482,1497,0.0,0.0,0.1,0.1,0.0,7,0,1,6
2026-10-05T23:30:00Z,2026-10-06T00:01:23Z,4.5,2026-10-06 04:00:00+00:00,2026-10-06T03:00:00Z,15.2,259,5.3,9.0,93,1014.5,7.7,7,0.0,8,7,0,8,11666,11666,0.0,0.1,0.1,0.3,0.0,37,0,1,6
2026-10-05T23:30:00Z,2026-10-06T00:01:23Z,5.5,2026-10-06 05:00:00+00:00,2026-10-06T04:00:00Z,15.3,274,4.4,9.0,88,1014.9,11.2,9,0.0,8,8,0,8,1023,11660,0.0,0.1,0.1,0.3,0.0,43,0,1,6
2026-10-05T23:30:00Z,2026-10-06T00:01:23Z,6.5,2026-10-06 06:00:00+00:00,2026-10-06T05:00:00Z,15.2,277,4.2,7.8,87,1015.3,11.7,10,0.0,8,5,0,8,11037,12316,0.0,0.0,0.1,0.6,0.0,10,0,1,6
2026-10-05T23:30:00Z,2026-10-06T00:01:23Z,7.5,2026-10-06 07:00:00+00:00,2026-10-06T06:00:00Z,15.1,289,4.3,7.4,86,1015.8,12.1,10,0.0,8,8,0,8,675,11653,0.0,0.0,0.1,0.1,0.0,3,0,1,6
2026-10-05T23:30:00Z,2026-10-06T00:01:23Z,8.5,2026-10-06 08:00:00+00:00,2026-10-06T07:00:00Z,15.3,306,4.9,8.9,77,1016.3,17.7,3,0.0,8,8,0,8,604,11652,0.0,0.0,0.0,0.0,0.0,0,-9,0,6
2026-10-05T23:30:00Z,2026-10-06T00:01:23Z,9.5,2026-10-06 09:00:00+00:00,2026-10-06T08:00:00Z,15.7,299,5.2,9.7,69,1016.4,22.3,1,0.0,8,0,0,8,11652,12311,0.0,0.0,0.0,0.0,0.0,0,-9,0,4
2026-10-05T23:30:00Z,2026-10-06T00:01:23Z,10.5,2026-10-06 10:00:00+00:00,2026-10-06T09:00:00Z,16.0,302,5.1,9.7,63,1016.3,25.9,1,0.0,5,0,0,4,9999,9999,0.0,0.0,0.0,0.0,0.0,0,-9,0,3
2026-10-05T23:30:00Z,2026-10-06T00:01:23Z,11.5,2026-10-06 11:00:00+00:00,2026-10-06T10:00:00Z,16.2,306,5.2,10.0,57,1016.3,29.3,1,0.0,2,1,0,2,9999,9999,0.0,0.0,0.0,0.0,0.0,0,-9,0,2
2026-10-05T23:30:00Z,2026-10-06T00:01:23Z,12.5,2026-10-06 12:00:00+00:00,2026-10-06T11:00:00Z,16.3,305,5.0,10.0,49,1016.2,34.3,1,0.0,0,0,0,0,9999,9999,0.0,0.0,0.0,0.0,0.0,0,-9,0,1
2026-10-05T23:30:00Z,2026-10-06T00:01:23Z,13.5,2026-10-06 13:00:00+00:00,2026-10-06T12:00:00Z,16.2,310,4.7,9.8,47,1016.1,35.9,1,0.0,0,0,0,0,9999,9999,0.0,0.0,0.0,0.0,0.0,0,-9,0,1
2026-10-05T23:30:00Z,2026-10-06T00:01:23Z,14.5,2026-10-06 14:00:00+00:00,2026-10-06T13:00:00Z,16.0,315,4.3,9.3,47,1016.1,35.5,1,0.0,0,0,0,0,9999,9999,0.0,0.0,0.0,0.0,0.0,0,-9,0,1
2026-10-05T23:30:00Z,2026-10-06T00:01:23Z,15.5,2026-10-06 15:00:00+00:00,2026-10-06T14:00:00Z,15.6,310,3.8,8.4,48,1016.3,34.7,1,0.0,0,0,0,0,9999,9999,0.0,0.0,0.0,0.0,0.0,0,-9,0,1
2026-10-05T23:30:00Z,2026-10-06T00:01:23Z,16.5,2026-10-06 16:00:00+00:00,2026-10-06T15:00:00Z,14.9,305,3.7,7.3,53,1016.7,31.6,1,0.0,0,0,0,0,9999,9999,0.0,0.0,0.0,0.0,0.0,0,-9,0,1
2026-10-05T23:30:00Z,2026-10-06T00:01:23Z,17.5,2026-10-06 17:00:00+00:00,2026-10-06T16:00:00Z,13.9,295,2.9,6.3,60,1017.0,27.2,1,0.0,0,0,0,0,9999,9999,0.0,0.0,0.0,0.0,0.0,0,-9,0,1
2026-10-05T23:30:00Z,2026-10-06T00:01:23Z,18.5,2026-10-06 18:00:00+00:00,2026-10-06T17:00:00Z,13.0,282,2.2,4.7,66,1017.3,23.9,1,0.0,0,0,0,0,9999,9999,0.0,0.0,0.0,0.0,0.0,0,-9,0,1
2026-10-05T23:30:00Z,2026-10-06T00:01:23Z,19.5,2026-10-06 19:00:00+00:00,2026-10-06T18:00:00Z,12.2,263,1.9,3.4,71,1017.2,20.9,1,0.0,4,0,0,3,9999,9999,0.0,0.0,0.0,0.0,0.0,0,-9,0,2
2026-10-05T23:30:00Z,2026-10-06T00:01:23Z,20.5,2026-10-06 20:00:00+00:00,2026-10-06T19:00:00Z,11.7,259,2.3,3.5,78,1017.2,17.2,1,0.0,3,0,0,2,9999,9999,0.0,0.0,0.0,0.0,0.0,0,-9,0,2
2026-10-05T23:30:00Z,2026-10-06T00:01:23Z,21.5,2026-10-06 21:00:00+00:00,2026-10-06T20:00:00Z,11.5,259,2.4,3.9,82,1017.4,14.4,1,0.0,0,0,0,0,9999,9999,0.0,0.0,0.0,0.0,0.0,0,-9,0,1
2026-10-05T23:30:00Z,2026-10-06T00:01:23Z,22.5,2026-10-06 22:00:00+00:00,2026-10-06T21:00:00Z,11.1,299,1.7,3.6,84,1017.6,13.3,1,0.0,1,0,1,0,9999,9999,0.0,0.0,0.0,0.0,0.0,0,-9,0,2
2026-10-05T23:30:00Z,2026-10-06T00:01:23Z,23.5,2026-10-06 23:00:00+00:00,2026-10-06T22:00:00Z,11.0,332,1.3,2.4,83,1017.8,13.8,1,0.0,3,1,1,1,9999,9999,0.0,0.0,0.0,0.0,0.0,0,-9,0,2
2026-10-06T00:30:00Z,2026-10-06T01:01:14Z,0.5,2026-10-06 01:00:00+00:00,2026-10-06T00:00:00Z,15.3,253,5.9,10.6,88,1014.6,11.1,2,0.0,8,8,0,0,482,1365,0.0,0.0,0.2,0.2,0.0,3,0,1,4
2026-10-06T00:30:00Z,2026-10-06T01:01:14Z,1.5,2026-10-06 02:00:00+00:00,2026-10-06T01:00:00Z,15.3,254,5.3,10.0,90,1014.6,9.5,4,0.0,8,8,0,0,542,1365,0.0,0.0,0.1,0.1,0.0,7,0,1,6
2026-10-06T00:30:00Z,2026-10-06T01:01:14Z,2.5,2026-10-06 03:00:00+00:00,2026-10-06T02:00:00Z,15.3,258,5.1,8.9,91,1014.7,8.6,5,0.0,8,8,0,0,482,1497,0.0,0.0,0.1,0.1,0.0,7,0,1,6
2026-10-06T00:30:00Z,2026-10-06T01:01:14Z,3.5,2026-10-06 04:00:00+00:00,2026-10-06T03:00:00Z,15.2,259,5.3,9.0,93,1014.5,7.7,7,0.0,8,7,0,8,11666,11666,0.0,0.0,0.1,0.2,0.0,20,0,1,6
2026-10-06T00:30:00Z,2026-10-06T01:01:14Z,4.5,2026-10-06 05:00:00+00:00,2026-10-06T04:00:00Z,15.3,274,4.4,9.0,88,1014.9,11.2,9,0.0,8,8,0,8,1023,11660,0.0,0.1,0.1,0.3,0.0,40,0,1,6
2026-10-06T00:30:00Z,2026-10-06T01:01:14Z,5.5,2026-10-06 06:00:00+00:00,2026-10-06T05:00:00Z,15.2,277,4.2,7.8,87,1015.3,11.7,10,0.0,8,5,0,8,11037,12316,0.0,0.0,0.1,0.2,0.0,10,0,1,6
2026-10-06T00:30:00Z,2026-10-06T01:01:14Z,6.5,2026-10-06 07:00:00+00:00,2026-10-06T06:00:00Z,15.2,289,4.3,7.4,86,1015.8,12.1,10,0.0,8,8,0,8,675,11653,0.0,0.0,0.1,0.1,0.0,3,0,1,6
2026-10-06T00:30:00Z,2026-10-06T01:01:14Z,7.5,2026-10-06 08:00:00+00:00,2026-10-06T07:00:00Z,15.4,306,4.9,8.9,77,1016.3,17.7,3,0.0,8,8,0,8,604,11652,0.0,0.0,0.0,0.0,0.0,0,-9,0,6
2026-10-06T00:30:00Z,2026-10-06T01:01:14Z,8.5,2026-10-06 09:00:00+00:00,2026-10-06T08:00:00Z,15.8,299,5.2,9.7,69,1016.4,22.3,1,0.0,8,0,0,8,11652,12311,0.0,0.0,0.0,0.0,0.0,0,-9,0,4
2026-10-06T00:30:00Z,2026-10-06T01:01:14Z,9.5,2026-10-06 10:00:00+00:00,2026-10-06T09:00:00Z,16.1,302,5.1,9.7,63,1016.3,25.9,1,0.0,5,0,0,4,9999,9999,0.0,0.0,0.0,0.0,0.0,0,-9,0,3
2026-10-06T00:30:00Z,2026-10-06T01:01:14Z,10.5,2026-10-06 11:00:00+00:00,2026-10-06T10:00:00Z,16.3,306,5.2,10.0,57,1016.3,29.3,1,0.0,2,1,0,2,9999,9999,0.0,0.0,0.0,0.0,0.0,0,-9,0,2
2026-10-06T00:30:00Z,2026-10-06T01:01:14Z,11.5,2026-10-06 12:00:00+00:00,2026-10-06T11:00:00Z,16.4,305,5.0,10.0,49,1016.2,34.3,1,0.0,0,0,0,0,9999,9999,0.0,0.0,0.0,0.0,0.0,0,-9,0,1
2026-10-06T00:30:00Z,2026-10-06T01:01:14Z,12.5,2026-10-06 13:00:00+00:00,2026-10-06T12:00:00Z,16.3,310,4.7,9.8,47,1016.1,35.9,1,0.0,0,0,0,0,9999,9999,0.0,0.0,0.0,0.0,0.0,0,-9,0,1
2026-10-06T00:30:00Z,2026-10-06T01:01:14Z,13.5,2026-10-06 14:00:00+00:00,2026-10-06T13:00:00Z,16.1,315,4.3,9.3,47,1016.1,35.5,1,0.0,0,0,0,0,9999,9999,0.0,0.0,0.0,0.0,0.0,0,-9,0,1
2026-10-06T00:30:00Z,2026-10-06T01:01:14Z,14.5,2026-10-06 15:00:00+00:00,2026-10-06T14:00:00Z,15.7,310,3.8,8.4,48,1016.3,34.7,1,0.0,0,0,0,0,9999,9999,0.0,0.0,0.0,0.0,0.0,0,-9,0,1
2026-10-06T00:30:00Z,2026-10-06T01:01:14Z,15.5,2026-10-06 16:00:00+00:00,2026-10-06T15:00:00Z,14.9,305,3.7,7.3,53,1016.7,31.6,1,0.0,0,0,0,0,9999,9999,0.0,0.0,0.0,0.0,0.0,0,-9,0,1
2026-10-06T00:30:00Z,2026-10-06T01:01:14Z,16.5,2026-10-06 17:00:00+00:00,2026-10-06T16:00:00Z,13.9,295,2.9,6.3,60,1017.0,27.2,1,0.0,0,0,0,0,9999,9999,0.0,0.0,0.0,0.0,0.0,0,-9,0,1
2026-10-06T00:30:00Z,2026-10-06T01:01:14Z,17.5,2026-10-06 18:00:00+00:00,2026-10-06T17:00:00Z,13.0,282,2.2,4.7,66,1017.3,23.9,1,0.0,0,0,0,0,9999,9999,0.0,0.0,0.0,0.0,0.0,0,-9,0,1
2026-10-06T00:30:00Z,2026-10-06T01:01:14Z,18.5,2026-10-06 19:00:00+00:00,2026-10-06T18:00:00Z,12.3,263,1.9,3.4,71,1017.2,20.9,1,0.0,4,0,0,3,9999,9999,0.0,0.0,0.0,0.0,0.0,0,-9,0,2
2026-10-06T00:30:00Z,2026-10-06T01:01:14Z,19.5,2026-10-06 20:00:00+00:00,2026-10-06T19:00:00Z,11.8,259,2.3,3.5,78,1017.2,17.2,1,0.0,3,0,0,2,9999,9999,0.0,0.0,0.0,0.0,0.0,0,-9,0,2
2026-10-06T00:30:00Z,2026-10-06T01:01:14Z,20.5,2026-10-06 21:00:00+00:00,2026-10-06T20:00:00Z,11.5,259,2.4,3.9,82,1017.4,14.4,1,0.0,0,0,0,0,9999,9999,0.0,0.0,0.0,0.0,0.0,0,-9,0,1
2026-10-06T00:30:00Z,2026-10-06T01:01:14Z,21.5,2026-10-06 22:00:00+00:00,2026-10-06T21:00:00Z,11.2,299,1.7,3.6,84,1017.6,13.3,1,0.0,1,0,1,0,9999,9999,0.0,0.0,0.0,0.0,0.0,0,-9,0,2
2026-10-06T00:30:00Z,2026-10-06T01:01:14Z,22.5,2026-10-06 23:00:00+00:00,2026-10-06T22:00:00Z,11.1,332,1.3,2.4,83,1017.8,13.8,1,0.0,3,1,1,1,9999,9999,0.0,0.0,0.0,0.0,0.0,0,-9,0,2
2026-10-06T00:30:00Z,2026-10-06T01:01:14Z,23.5,2026-10-07 00:00:00+00:00,2026-10-06T23:00:00Z,10.7,2,1.2,2.0,85,1018.0,12.7,1,0.0,1,0,0,0,9999,9999,0.0,0.0,0.0,0.0,0.0,0,-9,0,1
2026-10-06T01:30:00Z,2026-10-06T02:01:21Z,0.5,2026-10-06 02:00:00+00:00,2026-10-06T01:00:00Z,15.3,254,5.3,10.0,90,1014.6,9.5,4,0.0,8,8,0,0,542,1365,0.0,0.0,0.1,0.1,0.0,3,0,1,6
2026-10-06T01:30:00Z,2026-10-06T02:01:21Z,1.5,2026-10-06 03:00:00+00:00,2026-10-06T02:00:00Z,15.3,258,5.1,8.9,91,1014.7,8.6,5,0.0,8,8,0,0,482,1497,0.0,0.0,0.1,0.1,0.0,3,0,1,6
2026-10-06T01:30:00Z,2026-10-06T02:01:21Z,2.5,2026-10-06 04:00:00+00:00,2026-10-06T03:00:00Z,15.3,259,5.3,9.0,93,1014.5,7.7,7,0.0,8,7,0,8,11666,11666,0.0,0.0,0.1,0.1,0.0,17,0,1,6
2026-10-06T01:30:00Z,2026-10-06T02:01:21Z,3.5,2026-10-06 05:00:00+00:00,2026-10-06T04:00:00Z,15.4,274,4.4,9.0,88,1014.9,11.2,9,0.0,8,8,0,8,1023,11660,0.0,0.1,0.1,0.2,0.0,40,0,1,6
2026-10-06T01:30:00Z,2026-10-06T02:01:21Z,4.5,2026-10-06 06:00:00+00:00,2026-10-06T05:00:00Z,15.3,277,4.2,7.8,87,1015.3,11.7,10,0.0,8,5,0,8,11037,12316,0.0,0.0,0.1,0.2,0.0,13,0,1,6
2026-10-06T01:30:00Z,2026-10-06T02:01:21Z,5.5,2026-10-06 07:00:00+00:00,2026-10-06T06:00:00Z,15.2,289,4.3,7.4,86,1015.8,12.1,10,0.0,8,8,0,8,675,11653,0.0,0.0,0.1,0.1,0.0,3,0,1,6
2026-10-06T01:30:00Z,2026-10-06T02:01:21Z,6.5,2026-10-06 08:00:00+00:00,2026-10-06T07:00:00Z,15.4,306,4.9,8.9,77,1016.3,17.7,3,0.0,8,8,0,8,604,11652,0.0,0.0,0.0,0.0,0.0,0,-9,0,6
2026-10-06T01:30:00Z,2026-10-06T02:01:21Z,7.5,2026-10-06 09:00:00+00:00,2026-10-06T08:00:00Z,15.8,299,5.2,9.7,69,1016.4,22.3,1,0.0,8,0,0,8,11652,12311,0.0,0.0,0.0,0.0,0.0,0,-9,0,4
2026-10-06T01:30:00Z,2026-10-06T02:01:21Z,8.5,2026-10-06 10:00:00+00:00,2026-10-06T09:00:00Z,16.1,302,5.1,9.7,63,1016.3,25.9,1,0.0,5,0,0,4,9999,9999,0.0,0.0,0.0,0.0,0.0,0,-9,0,3
2026-10-06T01:30:00Z,2026-10-06T02:01:21Z,9.5,2026-10-06 11:00:00+00:00,2026-10-06T10:00:00Z,16.3,306,5.2,10.0,57,1016.3,29.3,1,0.0,2,1,0,2,9999,9999,0.0,0.0,0.0,0.0,0.0,0,-9,0,2
2026-10-06T01:30:00Z,2026-10-06T02:01:21Z,10.5,2026-10-06 12:00:00+00:00,2026-10-06T11:00:00Z,16.4,305,5.0,10.0,49,1016.2,34.3,1,0.0,0,0,0,0,9999,9999,0.0,0.0,0.0,0.0,0.0,0,-9,0,1
2026-10-06T01:30:00Z,2026-10-06T02:01:21Z,11.5,2026-10-06 13:00:00+00:00,2026-10-06T12:00:00Z,16.4,310,4.7,9.8,47,1016.1,35.9,1,0.0,0,0,0,0,9999,9999,0.0,0.0,0.0,0.0,0.0,0,-9,0,1
2026-10-06T01:30:00Z,2026-10-06T02:01:21Z,12.5,2026-10-06 14:00:00+00:00,2026-10-06T13:00:00Z,16.1,315,4.3,9.3,47,1016.1,35.5,1,0.0,0,0,0,0,9999,9999,0.0,0.0,0.0,0.0,0.0,0,-9,0,1
2026-10-06T01:30:00Z,2026-10-06T02:01:21Z,13.5,2026-10-06 15:00:00+00:00,2026-10-06T14:00:00Z,15.8,310,3.8,8.4,48,1016.3,34.7,1,0.0,0,0,0,0,9999,9999,0.0,0.0,0.0,0.0,0.0,0,-9,0,1
2026-10-06T01:30:00Z,2026-10-06T02:01:21Z,14.5,2026-10-06 16:00:00+00:00,2026-10-06T15:00:00Z,15.0,305,3.7,7.3,53,1016.7,31.6,1,0.0,0,0,0,0,9999,9999,0.0,0.0,0.0,0.0,0.0,0,-9,0,1
2026-10-06T01:30:00Z,2026-10-06T02:01:21Z,15.5,2026-10-06 17:00:00+00:00,2026-10-06T16:00:00Z,13.9,295,2.9,6.3,60,1017.0,27.2,1,0.0,0,0,0,0,9999,9999,0.0,0.0,0.0,0.0,0.0,0,-9,0,1
2026-10-06T01:30:00Z,2026-10-06T02:01:21Z,16.5,2026-10-06 18:00:00+00:00,2026-10-06T17:00:00Z,13.1,282,2.2,4.7,66,1017.3,23.9,1,0.0,0,0,0,0,9999,9999,0.0,0.0,0.0,0.0,0.0,0,-9,0,1
2026-10-06T01:30:00Z,2026-10-06T02:01:21Z,17.5,2026-10-06 19:00:00+00:00,2026-10-06T18:00:00Z,12.3,263,1.9,3.4,71,1017.2,20.9,1,0.0,4,0,0,3,9999,9999,0.0,0.0,0.0,0.0,0.0,0,-9,0,2
2026-10-06T01:30:00Z,2026-10-06T02:01:21Z,18.5,2026-10-06 20:00:00+00:00,2026-10-06T19:00:00Z,11.8,259,2.3,3.5,78,1017.2,17.2,1,0.0,3,0,0,2,9999,9999,0.0,0.0,0.0,0.0,0.0,0,-9,0,2
2026-10-06T01:30:00Z,2026-10-06T02:01:21Z,19.5,2026-10-06 21:00:00+00:00,2026-10-06T20:00:00Z,11.6,259,2.4,3.9,82,1017.4,14.4,1,0.0,0,0,0,0,9999,9999,0.0,0.0,0.0,0.0,0.0,0,-9,0,1
2026-10-06T01:30:00Z,2026-10-06T02:01:21Z,20.5,2026-10-06 22:00:00+00:00,2026-10-06T21:00:00Z,11.2,299,1.7,3.6,84,1017.6,13.3,1,0.0,1,0,1,0,9999,9999,0.0,0.0,0.0,0.0,0.0,0,-9,0,2
2026-10-06T01:30:00Z,2026-10-06T02:01:21Z,21.5,2026-10-06 23:00:00+00:00,2026-10-06T22:00:00Z,11.1,332,1.3,2.4,83,1017.8,13.8,1,0.0,3,1,1,1,9999,9999,0.0,0.0,0.0,0.0,0.0,0,-9,0,2
2026-10-06T01:30:00Z,2026-10-06T02:01:21Z,22.5,2026-10-07 00:00:00+00:00,2026-10-06T23:00:00Z,10.7,2,1.2,2.0,85,1018.0,12.7,1,0.0,1,0,0,0,9999,9999,0.0,0.0,0.0,0.0,0.0,0,-9,0,1
2026-10-06T01:30:00Z,2026-10-06T02:01:21Z,23.5,2026-10-07 01:00:00+00:00,2026-10-07T00:00:00Z,10.0,143,0.5,1.7,88,1018.1,10.9,1,0.0,2,0,0,1,9999,9999,0.0,0.0,0.1,0.6,0.0,10,0,1,2
